<?xml version="1.0" encoding="UTF-8" ?> 
<!DOCTYPE log4j:configuration PUBLIC "-//LOGGER" "log4j.dtd">
<log4j:configuration xmlns:log4j="http://jakarta.apache.org/log4j/">
	
	<appender name="console" class="org.apache.log4j.ConsoleAppender">
		<param name="Target" value="System.out" />
		<layout class="org.apache.log4j.PatternLayout">
			<param name="ConversionPattern" value="[%d{yyyy-MM-dd HH:mm:ss}] [%5p] %c.%M \: %m%n" />
		</layout>
	</appender>
	
	<logger name="org.springframework" additivity="false">
		<level value="INFO" />
		<appender-ref ref="console" />
	</logger>
	
	
	
	<root>
		<level value="DEBUG" />
		<appender-ref ref="console" />
	</root>
</log4j:configuration>

