<?xml version="1.0" encoding="UTF-8"?>
<beans xmlns="http://www.springframework.org/schema/beans"
	xmlns:xsi="http://www.w3.org/2001/XMLSchema-instance"
	xmlns:context="http://www.springframework.org/schema/context"
	xmlns:mybatis-spring="http://mybatis.org/schema/mybatis-spring"
	xsi:schemaLocation="http://mybatis.org/schema/mybatis-spring http://mybatis.org/schema/mybatis-spring-1.2.xsd
		http://www.springframework.org/schema/beans http://www.springframework.org/schema/beans/spring-beans.xsd
		http://www.springframework.org/schema/context http://www.springframework.org/schema/context/spring-context-4.3.xsd">

	<!-- 
	database.properties 파일 읽기
	-->
	<context:property-placeholder location="classpath:/spring/config/database.properties"/>
	
	<!-- 
	DataSource 빈 설정 
	-->
	<bean id="dataSource" class="org.springframework.jdbc.datasource.DriverManagerDataSource">
		<property name="driverClassName" value="${db.driverClassName}" />
		<property name="url" value="${db.url}" />
		<property name="username" value="${db.username}" />
		<property name="password" value="${db.password}" />
	</bean>

	<!-- 
		mybatis 핵심객체인 SqlSessionFactory 를 스프링의 빈으로 등록시키는 
		SqlSessionFactoryBean 을 <bean />으로 정의한다.
			- configLocation : mybatis 환경설정 파일의 경로를 설정한다.
			- 
	 -->
	 <bean id="sqlSessionFactory" class="org.mybatis.spring.SqlSessionFactoryBean">
	 	<property name="configLocation" value="classpath:/mybatis/mybatis-config.xml" />
	 	<property name="dataSource" ref="dataSource" />
	 </bean>
	 
	 <!-- 
	 	<mybatis-spring:scan base-package="패키지명" /> 태그는
	 	지정된 패키지에서 매퍼 인터페이스(UserDao, BlogDao, BlogCommentDao)를 검색해서,
	 	매퍼 인스턴스(UserDao의 구현객체, BlogDao의 구현객체, BlogCommentDao의 구현객체)를 생성한다.
	 	생성된 매퍼 인스턴스는 스프링 컨테이너의 빈으로 자동 등록된다.
	 	즉, 스프링 컨테이너에 UserDao/BlogDao/BlogCommentDao의 구현객체가 등록/관리 되고 있는 것이다.
	 	
	 	* 매퍼 인터페이스 + 매퍼파일 X <mybatis-spring:scan/>  ==> 매퍼인스턴스(구현객체)
	  -->
	 <mybatis-spring:scan base-package="kr.co.jhta.dao" />
	 
	 <!-- 의존성 주입 및 기타 Annotation 을 감지/분석/처리하는 빈 등록 -->
	 <context:annotation-config />
	 
	 <!-- 지정된 패키지에서 클래스를 스캔해서 스프링 컨테이너의 빈으로 등록
	 		@Autowired 혹은 @Resource 어노테이션이 있으면,
	 		해당 타입의 객체를 스프링 컨테이너에서 찾아 의존성 주입이 일어난다. -->
	 <context:component-scan base-package="kr.co.jhta.service" />
	 
</beans>
